aaafgv,3.0
bb vc,4.1
cccsdf,3.1
dddvdf,4.2
eeexcv,3.2
fffvc,4.3
edsfdfg,3.3
yuta,4.4
werb,3.4
234rfedc,4.5
fdgsd,3.5
asdfe,4.6
fgvaaa,3.6
 vcbb,4.7
sdffgv,3.7
vdf vc,4.8
xcvsdf,3.8
vcvdf,4.9
dfgxcv,3.9
avc,4.10
bdfg,3.10
ca,4.11
db,3.11
ec,4.12
aaad,3.12
bbe,4.13
cccaaa,3.13
dddbb,4.14
eeefgv,3.14
fff vc,4.15
edsfsdf,3.15
yutvdf,4.16
werxcv,3.16
234rfedvc,4.17
fdgsdfg,3.17
asdfa,4.18
fgvb,3.18
 vcc,4.19
sdfd,3.19
vdfe,4.20
xcvaaa,3.20
vcbb,4.21
7fgv,3.21
8 vc,4.22
9sdf,3.22
10vdf,4.23
11xcv,3.23
12vc,4.24
13dfg,3.24
14a,4.25
15b,3.25
16c,4.26
17d,3.26
18e,4.27
19aaa,3.27
20bb,4.28
21fgv,3.28
22 vc,4.29
23sdf,3.29
24vdf,4.30
25xcv,3.30
26vc,4.31
27dfg,3.31
28a,4.32
29b,3.32
30c,4.33
d31,3.33
e32,4.34
aaa33,3.34
bb34,4.35
fgv35,3.35
 vc36,4.36
sdf37,3.36
vdf38,4.37
xcv39,3.37
vc40,4.38
dfg41,3.38
a42,4.39
b43,3.39
c44,4.40
d45,3.40
e46,4.41
aaa47,3.41
bb48,4.42
sdf49,3.42
vdf50,4.43
xcv51,3.43
vc52,4.44
dfg53,3.44
a54,4.45
b55,3.45
c56,4.46
d57,3.46
e58,4.47
aaa59,3.47
bb60,4.48
fgv61,3.48
 vc62,4.49
sdf63,3.49
vdf64,4.50
